{"s5":{"esquivar":33.362708070400004,"avanzar":34.362708070400004,"atacarAvanzar":41.703385088000005,"atacarEsquivar":20.112133165056},"s18":{"avanzar":34.362708070400004,"esquivar":28.300906532044806,"atacarAvanzar":27.808725225635847,"atacarEsquivar":26.008725225635846},"s8":{"avanzar":37.37080738050868,"esquivar":36.37080738050868,"atacarAvanzar":45.463509225635846,"atacarEsquivar":23.161733165056006},"s7":{"avanzar":33.37080738050868,"esquivar":30.80366414440694,"atacarAvanzar":7.952,"atacarEsquivar":38.504580180508675},"s9":{"esquivar":21.808725225635847,"avanzar":22.808725225635847,"atacarAvanzar":27.260906532044807},"s1":{"esquivar":26.529386532044807,"avanzar":27.529386532044807,"atacarAvanzar":32.52938653204481,"atacarEsquivar":33.161733165056006},"s11":{"esquivar":33.896645904406945,"avanzar":37.37080738050868,"atacarAvanzar":42.37080738050868},"s6":{"avanzar":0.005709998431203825},"s0":{"atacarAvanzar":6,"avanzar":21.880725225635842,"esquivar":18.00366414440694,"atacarEsquivar":22.504580180508675},"s16":{"esquivar":18.00366414440694,"avanzar":28.490166456320004,"atacarAvanzar":27.008725225635846},"s12":{"esquivar":43.76270807040001,"avanzar":34.362708070400004,"atacarEsquivar":54.703385088000005},"s19":{"atacarAvanzar":13.291865088000002,"avanzar":30.170807380508677,"esquivar":28.300906532044806,"atacarEsquivar":35.376133165056004},"s17":{"esquivar":14.755092070400003,"avanzar":26.223509225635848,"atacarAvanzar":18.443865088000003,"atacarEsquivar":31.529386532044807},"s10":{"avanzar":28.490166456320004,"esquivar":18.957316723525558,"atacarAvanzar":17.277824000000003},"s13":{"atacarEsquivar":20.944645904406944,"avanzar":37.37080738050868,"esquivar":29.896645904406945},"s2":{"esquivar":41.09664590440695,"avanzar":44.76270807040001,"atacarAvanzar":6.8,"atacarEsquivar":51.37080738050868},"s3":{"avanzar":0.0029235191967763585},"s15":{"atacarAvanzar":32.37080738050868,"esquivar":27.490166456320004,"avanzar":34.362708070400004,"atacarEsquivar":23.912000000000003},"s14":{"esquivar":36.37080738050868,"avanzar":30.096645904406945,"atacarEsquivar":30.703385088000005,"atacarAvanzar":35.09664590440694},"s4":{"esquivar":30.376133165056004,"avanzar":22.808725225635847,"atacarAvanzar":37.97016645632}}
